metric,precision,recall,f1-score,support
Pozitiv,0.7143956889915319,0.9261477045908184,0.8066058235549761,1002.0
Negativ,0.8948863636363636,0.6293706293706294,0.7390029325513197,1001.0
accuracy,,,0.7778332501248127
macro avg,0.8046410263139478,0.7777591669807239,0.772804378053148,2003.0
weighted avg,0.8045959712279156,0.7778332501248127,0.7728212534627843,2003.0

Execution Time (s),1568.0319454669952
