Metric,Pozitiv,Negativ,Accuracy
Pozitiv,0.794010889292196,0.873253493013972,0.8317490494296578
Negativ,0.8590455049944506,0.7732267732267732,0.8138801261829653
accuracy,,,0.8232651023464803
macro avg,0.8265281971433234,0.8232401331203727,0.8228145878063116
weighted avg,0.8265119628408515,0.8232651023464803,0.8228190483463133

Execution Time (s),1564.491208076477
