Metric,Pozitiv,Negativ,Accuracy
Pozitiv,0.8079534432589719,0.8313373253493014,0.8194786030496802
Negativ,0.8261316872427984,0.8021978021978022,0.8139888494678155
accuracy,,,0.8167748377433849
macro avg,0.8170425652508851,0.8167675637735519,0.8167337262587478
weighted avg,0.8170380274965208,0.8167748377433849,0.8167350966415691

Execution Time (s),1071.0373165607452
