Metric,Pozitiv,Negativ,Accuracy
Pozitiv,0.8029268292682927,0.8213572854291418,0.8120374938332511
Negativ,0.8169734151329243,0.7982017982017982,0.8074785245073269
accuracy,,,0.8097853220169745
macro avg,0.8099501222006085,0.80977954181547,0.809758009170289
weighted avg,0.8099466158137227,0.8097853220169745,0.8097591472055676

Execution Time (s),1761.9411640167236
